source,target
Vanuatu,Afghanistan
Fiji,Afghanistan
Chile,Afghanistan
Uzbekistan,Afghanistan
Azerbaijan,Afghanistan
Morocco,Afghanistan
Solomon Islands,Afghanistan
Indonesia,Afghanistan
Mongolia,Afghanistan
Georgia,Afghanistan
Turkmenistan,Afghanistan
Yemen,Afghanistan
Armenia,Afghanistan
Argentina,Afghanistan
Papua New Guinea,Afghanistan
Marshall Islands,Afghanistan
Vanuatu,Albania
Chile,Albania
Argentina,Albania
Angola,Albania
Uzbekistan,Albania
Brazil,Albania
Kuwait,Albania
Romania,Albania
Namibia,Albania
Czech Republic,Albania
Uruguay,Albania
South Africa,Albania
Mongolia,Albania
Marshall Islands,Albania
Fiji,Albania
Turkmenistan,Albania
Gabon,Albania
Croatia,Albania
Kazakhstan,Albania
Sudan,Albania
Austria,Andorra
Belgium,Andorra
Kuwait,Andorra
Cape Verde,Andorra
Argentina,Andorra
Portugal,Andorra
Fiji,Andorra
Tonga,Andorra
Uruguay,Andorra
Spain,Andorra
Ecuador,Andorra
Kazakhstan,Andorra
Marshall Islands,Andorra
Latvia,Andorra
Chile,Andorra
Lithuania,Andorra
Argentina,Angola
Uruguay,Angola
Brazil,Angola
Equatorial Guinea,Angola
Vanuatu,Angola
Paraguay,Angola
Fiji,Antigua and Barbuda
United States of America,Antigua and Barbuda
Tonga,Antigua and Barbuda
Uruguay,Argentina
Turkmenistan,Armenia
Uruguay,Australia
Kuwait,Australia
Ecuador,Australia
Tonga,Australia
Belgium,Australia
Portugal,Australia
Brazil,Australia
Argentina,Australia
Belgium,Austria
Georgia,Azerbaijan
Argentina,Azerbaijan
Armenia,Azerbaijan
Turkmenistan,Azerbaijan
Cape Verde,Bahamas
Austria,Bahamas
Belgium,Bahamas
Tonga,Bahamas
Spain,Bahamas
Australia,Bahamas
Fiji,Bahamas
Marshall Islands,Bahrain
Uruguay,Bahrain
Mongolia,Bahrain
Saudi Arabia,Bahrain
Argentina,Bahrain
Fiji,Bahrain
Vanuatu,Bahrain
Chile,Bahrain
Tonga,Bahrain
Togo,Bangladesh
Nepal,Bangladesh
Burkina Faso,Bangladesh
Malawi,Bangladesh
Burundi,Bangladesh
Vanuatu,Bangladesh
Eritrea,Bangladesh
United Republic of Tanzania,Bangladesh
Somalia,Bangladesh
China,Bangladesh
Indonesia,Bangladesh
Papua New Guinea,Bangladesh
Zambia,Bangladesh
Ethiopia,Bangladesh
Slovakia,Barbados
Fiji,Barbados
Equatorial Guinea,Barbados
New Zealand,Barbados
Marshall Islands,Barbados
Paraguay,Barbados
South Africa,Barbados
Libyan Arab Jamahiriya,Barbados
Tonga,Barbados
Argentina,Barbados
Brazil,Barbados
Czech Republic,Barbados
Chile,Barbados
Uruguay,Barbados
Hungary,Belize
Belarus,Belize
Belgium,Belize
Ukraine,Belize
Fiji,Benin
Somalia,Benin
Sao Tome and Principe,Benin
Eritrea,Benin
Marshall Islands,Benin
Gambia,Benin
Ethiopia,Benin
Mozambique,Benin
Paraguay,Benin
Kiribati,Benin
United Republic of Tanzania,Benin
Indonesia,Benin
Nigeria,Benin
Comoros,Benin
Cameroon,Benin
Sierra Leone,Benin
Tonga,Benin
Guinea,Benin
Togo,Benin
Vanuatu,Benin
Burkina Faso,Benin
Liberia,Benin
Papua New Guinea,Benin
Guinea-Bissau,Benin
Chile,Bhutan
Guinea,Bhutan
United Republic of Tanzania,Bhutan
Lesotho,Bhutan
Sao Tome and Principe,Bhutan
Gambia,Bhutan
Djibouti,Bhutan
Fiji,Bhutan
Togo,Bhutan
Mozambique,Bhutan
Somalia,Bhutan
Pakistan,Bhutan
Indonesia,Bhutan
Democratic People's Republic of Korea,Bhutan
Liberia,Bhutan
Democratic Republic of the Congo,Bhutan
Papua New Guinea,Bhutan
China,Bhutan
Ghana,Bhutan
India,Bhutan
Nepal,Bhutan
Malawi,Bhutan
Zambia,Bhutan
Comoros,Bhutan
Solomon Islands,Bhutan
Madagascar,Bhutan
Vanuatu,Bhutan
Marshall Islands,Bhutan
Argentina,Bolivia
Brazil,Bolivia
Paraguay,Bolivia
Turkmenistan,Bosnia and Herzegovina
Vanuatu,Bosnia and Herzegovina
Namibia,Bosnia and Herzegovina
Lesotho,Bosnia and Herzegovina
Papua New Guinea,Bosnia and Herzegovina
Kyrgyzstan,Bosnia and Herzegovina
South Africa,Bosnia and Herzegovina
Congo,Bosnia and Herzegovina
Kazakhstan,Bosnia and Herzegovina
Uzbekistan,Bosnia and Herzegovina
South Africa,Botswana
Kazakhstan,Botswana
Namibia,Botswana
Zimbabwe,Botswana
Tonga,Brunei Darussalam
Fiji,Brunei Darussalam
Armenia,Brunei Darussalam
Uruguay,Brunei Darussalam
Peru,Brunei Darussalam
Ecuador,Brunei Darussalam
Argentina,Brunei Darussalam
Chile,Brunei Darussalam
Iraq,Brunei Darussalam
Saudi Arabia,Brunei Darussalam
Kazakhstan,Brunei Darussalam
Oman,Brunei Darussalam
Morocco,Brunei Darussalam
Turkmenistan,Brunei Darussalam
Marshall Islands,Brunei Darussalam
Republic of Korea,Brunei Darussalam
Fiji,Bulgaria
Mongolia,Bulgaria
Yemen,Bulgaria
Uzbekistan,Bulgaria
Djibouti,Bulgaria
Solomon Islands,Bulgaria
Kazakhstan,Bulgaria
Croatia,Bulgaria
Romania,Bulgaria
Kyrgyzstan,Bulgaria
Republic of Korea,Bulgaria
Czech Republic,Bulgaria
Morocco,Bulgaria
Chile,Bulgaria
South Africa,Bulgaria
Uruguay,Bulgaria
Angola,Bulgaria
Argentina,Bulgaria
Vanuatu,Bulgaria
Occupied Palestinian Territory,Bulgaria
Brazil,Bulgaria
Kuwait,Bulgaria
Iraq,Bulgaria
Namibia,Bulgaria
Marshall Islands,Bulgaria
Turkmenistan,Bulgaria
United Republic of Tanzania,Burkina Faso
Niger,Burkina Faso
Senegal,Burkina Faso
Fiji,Burkina Faso
Ethiopia,Burkina Faso
Djibouti,Burkina Faso
Vanuatu,Burkina Faso
Liberia,Burundi
Togo,Burundi
Papua New Guinea,Burundi
Malawi,Burundi
Eritrea,Burundi
Somalia,Burundi
Solomon Islands,Burundi
Indonesia,Burundi
United Republic of Tanzania,Burundi
Comoros,Burundi
Rwanda,Burundi
Ethiopia,Burundi
Vanuatu,Burundi
Kiribati,Cambodia
Marshall Islands,Cambodia
Vanuatu,Cambodia
Solomon Islands,Cambodia
Viet Nam,Cambodia
Papua New Guinea,Cambodia
Ethiopia,Cameroon
Eritrea,Cameroon
Vanuatu,Cameroon
Lesotho,Cameroon
Niger,Cameroon
Ecuador,Canada
Chile,Canada
Belarus,Canada
Marshall Islands,Canada
Morocco,Canada
Uruguay,Canada
Lithuania,Canada
Latvia,Canada
United States of America,Canada
Iran (Islamic Republic of),Canada
Argentina,Canada
Belgium,Canada
Tonga,Canada
Russian Federation,Canada
Fiji,Canada
Republic of Korea,Canada
Kazakhstan,Canada
Algeria,Cape Verde
Fiji,Cape Verde
Czech Republic,Cape Verde
Paraguay,Central African Republic
Niger,Chad
Fiji,Chad
Cameroon,Chad
Chile,Chad
Kenya,Chad
Senegal,Chad
Congo,Chad
Lesotho,Chad
Paraguay,Chad
Zimbabwe,Chad
Guinea-Bissau,Chad
Marshall Islands,Chad
Djibouti,Chad
Vanuatu,Chad
Papua New Guinea,Chad
Vanuatu,Chile
Fiji,Chile
Gabon,Colombia
Angola,Colombia
Uruguay,Colombia
Tonga,Colombia
Kuwait,Colombia
Brazil,Colombia
Argentina,Colombia
Mozambique,Comoros
Ethiopia,Comoros
Paraguay,Comoros
Indonesia,Comoros
Fiji,Comoros
Somalia,Comoros
Eritrea,Comoros
United Republic of Tanzania,Comoros
Burundi,Comoros
Togo,Comoros
Liberia,Comoros
Rwanda,Comoros
Vanuatu,Comoros
Ghana,Comoros
Marshall Islands,Comoros
Sao Tome and Principe,Comoros
Papua New Guinea,Comoros
South Africa,Congo
Vanuatu,Congo
Malta,Costa Rica
Ireland,Costa Rica
Namibia,Costa Rica
South Africa,Costa Rica
Panama,Costa Rica
Uzbekistan,Costa Rica
Norway,Costa Rica
Romania,Costa Rica
Slovakia,Costa Rica
Portugal,Costa Rica
Peru,Costa Rica
Saint Vincent and the Grenadines,Costa Rica
Armenia,Costa Rica
United States of America,Costa Rica
Dominica,Costa Rica
Turkmenistan,Costa Rica
Argentina,Costa Rica
Antigua and Barbuda,Costa Rica
Uruguay,Costa Rica
Brazil,Costa Rica
Australia,Costa Rica
Czech Republic,Costa Rica
Gabon,Costa Rica
United Kingdom,Costa Rica
Colombia,Costa Rica
Chile,Costa Rica
Angola,Costa Rica
Saint Lucia,Costa Rica
Tonga,Costa Rica
Albania,Costa Rica
Ecuador,Costa Rica
Vanuatu,Costa Rica
Switzerland,Costa Rica
Honduras,Costa Rica
Cuba,Costa Rica
Belgium,Costa Rica
Kazakhstan,Costa Rica
Kuwait,Costa Rica
Dominican Republic,Costa Rica
Trinidad and Tobago,Costa Rica
Grenada,Costa Rica
Ghana,Cote d'Ivoire
Burkina Faso,Cote d'Ivoire
Togo,Cote d'Ivoire
Ethiopia,Cote d'Ivoire
Guinea-Bissau,Cote d'Ivoire
Liberia,Cote d'Ivoire
Papua New Guinea,Cote d'Ivoire
Nigeria,Cote d'Ivoire
Fiji,Cote d'Ivoire
Mozambique,Cote d'Ivoire
Kiribati,Cote d'Ivoire
Gambia,Cote d'Ivoire
United Republic of Tanzania,Cote d'Ivoire
Paraguay,Cote d'Ivoire
Guinea,Cote d'Ivoire
Cameroon,Cote d'Ivoire
Vanuatu,Cote d'Ivoire
Eritrea,Cote d'Ivoire
Somalia,Cote d'Ivoire
Marshall Islands,Cote d'Ivoire
Sao Tome and Principe,Cote d'Ivoire
Uruguay,Croatia
Slovakia,Croatia
Kuwait,Croatia
Czech Republic,Croatia
Paraguay,Croatia
Cape Verde,Croatia
Fiji,Croatia
Argentina,Croatia
Kazakhstan,Croatia
Brazil,Croatia
Marshall Islands,Croatia
Trinidad and Tobago,Cuba
Ecuador,Cuba
Fiji,Cuba
Kazakhstan,Cuba
Belgium,Cuba
United States of America,Cuba
Chile,Cuba
Armenia,Cuba
Turkmenistan,Cuba
Dominican Republic,Cuba
Peru,Cuba
Argentina,Cuba
Uruguay,Cuba
Latvia,Cyprus
Lithuania,Cyprus
Brazil,Cyprus
Kuwait,Cyprus
Uruguay,Cyprus
Colombia,Cyprus
Australia,Cyprus
Portugal,Cyprus
Argentina,Cyprus
Tonga,Cyprus
Mongolia,Cyprus
Angola,Cyprus
Brazil,Czech Republic
Slovakia,Czech Republic
Solomon Islands,Democratic People's Republic of Korea
Papua New Guinea,Democratic People's Republic of Korea
China,Democratic People's Republic of Korea
Zambia,Democratic Republic of the Congo
Liberia,Democratic Republic of the Congo
Togo,Democratic Republic of the Congo
Ghana,Democratic Republic of the Congo
Sao Tome and Principe,Democratic Republic of the Congo
Vanuatu,Democratic Republic of the Congo
Solomon Islands,Democratic Republic of the Congo
United Republic of Tanzania,Democratic Republic of the Congo
Papua New Guinea,Democratic Republic of the Congo
Malawi,Democratic Republic of the Congo
Somalia,Democratic Republic of the Congo
Mozambique,Democratic Republic of the Congo
Guinea,Democratic Republic of the Congo
Madagascar,Democratic Republic of the Congo
Austria,Denmark
Spain,Denmark
Lithuania,Denmark
Belgium,Denmark
Latvia,Denmark
South Africa,Djibouti
Solomon Islands,Djibouti
Vanuatu,Djibouti
Fiji,Djibouti
Chile,Djibouti
Ecuador,Dominica
Turkmenistan,Dominica
Saint Vincent and the Grenadines,Dominica
Peru,Dominica
Malta,Dominica
Chile,Dominica
United States of America,Dominica
Libyan Arab Jamahiriya,Dominica
Belgium,Dominica
Portugal,Dominica
Argentina,Dominica
Cuba,Dominica
Kyrgyzstan,Dominica
Belarus,Dominica
Iran (Islamic Republic of),Dominica
Vanuatu,Dominica
Kazakhstan,Dominica
Australia,Dominica
Honduras,Dominica
Belize,Dominica
Uruguay,Dominica
Ukraine,Dominica
Uzbekistan,Dominica
Ecuador,Dominican Republic
Kazakhstan,Dominican Republic
Azerbaijan,Dominican Republic
Belgium,Dominican Republic
Georgia,Dominican Republic
Trinidad and Tobago,Dominican Republic
Tonga,Dominican Republic
Peru,Dominican Republic
Cuba,Dominican Republic
Chile,Dominican Republic
Armenia,Dominican Republic
Uruguay,Dominican Republic
United States of America,Dominican Republic
Argentina,Dominican Republic
Turkmenistan,Dominican Republic
Argentina,Ecuador
Uruguay,Ecuador
Republic of Korea,Egypt
Marshall Islands,Egypt
Djibouti,Egypt
Uruguay,Egypt
Occupied Palestinian Territory,Egypt
Vanuatu,Egypt
Iraq,Egypt
Czech Republic,Egypt
Iran (Islamic Republic of),Egypt
Bulgaria,Egypt
Mongolia,Egypt
Kazakhstan,Egypt
South Africa,Egypt
Brazil,Egypt
Morocco,Egypt
Yemen,Egypt
Chile,Egypt
Uzbekistan,Egypt
Turkmenistan,Egypt
Kuwait,Egypt
Fiji,Egypt
Libyan Arab Jamahiriya,Egypt
Argentina,Egypt
Hungary,El Salvador
Namibia,El Salvador
Tonga,El Salvador
Ecuador,El Salvador
Romania,El Salvador
Uruguay,El Salvador
Kuwait,El Salvador
Kazakhstan,El Salvador
Paraguay,El Salvador
Argentina,El Salvador
Czech Republic,El Salvador
Iran (Islamic Republic of),El Salvador
Slovakia,El Salvador
Albania,El Salvador
Libyan Arab Jamahiriya,El Salvador
Indonesia,El Salvador
Azerbaijan,El Salvador
Chile,El Salvador
Equatorial Guinea,El Salvador
Peru,El Salvador
Angola,El Salvador
South Africa,El Salvador
Gabon,El Salvador
Colombia,El Salvador
Turkmenistan,El Salvador
Armenia,El Salvador
Vanuatu,El Salvador
Georgia,El Salvador
Brazil,El Salvador
Chile,Equatorial Guinea
Paraguay,Equatorial Guinea
Vanuatu,Equatorial Guinea
Vanuatu,Eritrea
Paraguay,Eritrea
Ethiopia,Eritrea
Papua New Guinea,Eritrea
Lesotho,Eritrea
Brazil,Estonia
Algeria,Estonia
Vanuatu,Ethiopia
Romania,Finland
Uruguay,Finland
Denmark,Finland
Cape Verde,Finland
Kazakhstan,Finland
South Africa,Finland
Portugal,Finland
Ecuador,Finland
Iceland,Finland
Mongolia,Finland
Brazil,Finland
Kuwait,Finland
Vanuatu,Finland
Austria,Finland
Malta,Finland
Germany,Finland
United States of America,Finland
Chile,Finland
Norway,Finland
Fiji,Finland
Mauritania,Finland
Tonga,Finland
Panama,Finland
Argentina,Finland
Marshall Islands,Finland
Australia,Finland
Ireland,Finland
Belgium,Finland
Andorra,Finland
Armenia,France
Fiji,France
Belgium,France
Paraguay,Gabon
United Republic of Tanzania,Gambia
Cameroon,Gambia
Somalia,Gambia
Guinea-Bissau,Gambia
Papua New Guinea,Gambia
Liberia,Gambia
Djibouti,Gambia
Senegal,Gambia
Ethiopia,Gambia
Congo,Gambia
Burkina Faso,Gambia
Vanuatu,Gambia
Fiji,Gambia
Paraguay,Gambia
Lesotho,Gambia
Indonesia,Gambia
Eritrea,Gambia
Togo,Gambia
Hungary,Georgia
Vanuatu,Georgia
Turkmenistan,Georgia
Armenia,Georgia
Azerbaijan,Georgia
Portugal,Germany
Kuwait,Germany
Belgium,Germany
Australia,Germany
Ecuador,Germany
Fiji,Germany
Brazil,Germany
Argentina,Germany
Denmark,Germany
Austria,Germany
Tonga,Germany
Marshall Islands,Germany
Uruguay,Germany
Togo,Ghana
Liberia,Ghana
Vanuatu,Ghana
Marshall Islands,Ghana
United Republic of Tanzania,Ghana
Papua New Guinea,Ghana
Sao Tome and Principe,Ghana
Cyprus,Greece
Luxembourg,Greece
Bahrain,Greece
Portugal,Greece
Mongolia,Greece
Argentina,Greece
Belgium,Greece
Kuwait,Greece
Australia,Greece
Latvia,Greece
Vanuatu,Greece
Samoa,Greece
Russian Federation,Greece
Uruguay,Greece
Tonga,Greece
Germany,Greece
Brazil,Greece
Qatar,Greece
United Arab Emirates,Greece
Ecuador,Greece
Armenia,Grenada
Antigua and Barbuda,Grenada
Belgium,Grenada
Cuba,Grenada
Saint Lucia,Grenada
Ecuador,Grenada
United States of America,Grenada
Belarus,Grenada
Australia,Grenada
Switzerland,Grenada
Tonga,Grenada
Iran (Islamic Republic of),Grenada
Malta,Grenada
Romania,Grenada
Hungary,Grenada
Ukraine,Grenada
Belize,Grenada
Trinidad and Tobago,Grenada
Eritrea,Guatemala
Haiti,Guatemala
Macedonia (Former Yugoslav Republic of),Guatemala
South Africa,Guatemala
Bolivia,Guatemala
Argentina,Guatemala
Niger,Guatemala
Hungary,Guatemala
Vanuatu,Guatemala
Djibouti,Guatemala
Equatorial Guinea,Guatemala
Congo,Guatemala
Kenya,Guatemala
Kazakhstan,Guatemala
Uzbekistan,Guatemala
Lesotho,Guatemala
Zimbabwe,Guatemala
Ecuador,Guatemala
Burkina Faso,Guatemala
Iran (Islamic Republic of),Guatemala
Papua New Guinea,Guatemala
Senegal,Guatemala
Turkmenistan,Guatemala
United Republic of Tanzania,Guatemala
Kyrgyzstan,Guatemala
Libyan Arab Jamahiriya,Guatemala
Azerbaijan,Guatemala
Paraguay,Guatemala
Georgia,Guatemala
Uruguay,Guatemala
Tonga,Guatemala
Nigeria,Guatemala
Chile,Guatemala
Benin,Guatemala
Namibia,Guatemala
Marshall Islands,Guatemala
Czech Republic,Guatemala
Nicaragua,Guatemala
Guinea-Bissau,Guatemala
Romania,Guatemala
Slovakia,Guatemala
Angola,Guatemala
Fiji,Guatemala
Gambia,Guatemala
Brazil,Guatemala
Ethiopia,Guatemala
Peru,Guatemala
Kuwait,Guatemala
Indonesia,Guatemala
Armenia,Guatemala
Papua New Guinea,Guinea
Indonesia,Guinea
Fiji,Guinea
Liberia,Guinea
Malawi,Guinea
Lesotho,Guinea
Sao Tome and Principe,Guinea
Chile,Guinea
Marshall Islands,Guinea
Ghana,Guinea
Solomon Islands,Guinea
Vanuatu,Guinea
Paraguay,Guinea-Bissau
Chile,Guinea-Bissau
Vanuatu,Guinea-Bissau
Trinidad and Tobago,Guyana
Suriname,Guyana
Georgia,Guyana
Peru,Guyana
Chile,Guyana
Cuba,Guyana
Argentina,Guyana
Tajikistan,Guyana
Turkmenistan,Guyana
Saint Vincent and the Grenadines,Guyana
Kazakhstan,Guyana
Papua New Guinea,Guyana
Ecuador,Guyana
Vanuatu,Guyana
Hungary,Guyana
Sao Tome and Principe,Guyana
United States of America,Guyana
Uruguay,Guyana
Armenia,Guyana
Indonesia,Guyana
Portugal,Guyana
Azerbaijan,Guyana
Kyrgyzstan,Guyana
Belgium,Guyana
Uzbekistan,Guyana
Armenia,Haiti
Congo,Haiti
Turkmenistan,Haiti
Chile,Haiti
Hungary,Haiti
Lesotho,Haiti
Ghana,Haiti
Georgia,Haiti
Argentina,Haiti
Papua New Guinea,Haiti
Azerbaijan,Haiti
Peru,Haiti
Uzbekistan,Haiti
Tajikistan,Haiti
Vanuatu,Haiti
Brazil,Haiti
Liberia,Haiti
Sao Tome and Principe,Haiti
Czech Republic,Haiti
Cuba,Honduras
Hungary,Honduras
Grenada,Honduras
Tonga,Honduras
Kuwait,Honduras
Venezuela (Bolivarian Republic of),Honduras
Australia,Honduras
Panama,Honduras
Kazakhstan,Honduras
Brazil,Honduras
Ecuador,Honduras
Peru,Honduras
Argentina,Honduras
Saint Vincent and the Grenadines,Honduras
Belgium,Honduras
Malta,Honduras
Slovakia,Honduras
Norway,Honduras
Czech Republic,Honduras
Albania,Honduras
Colombia,Honduras
Azerbaijan,Honduras
Chile,Honduras
Bosnia and Herzegovina,Honduras
South Africa,Honduras
Romania,Honduras
Portugal,Honduras
Kyrgyzstan,Honduras
Turkmenistan,Honduras
Ireland,Honduras
Georgia,Honduras
Trinidad and Tobago,Honduras
Uzbekistan,Honduras
Dominican Republic,Honduras
Armenia,Honduras
United Kingdom,Honduras
Vanuatu,Honduras
United States of America,Honduras
Suriname,Honduras
Uruguay,Honduras
Nicaragua,Honduras
United States of America,Iceland
Malawi,India
Vanuatu,India
Pakistan,India
Lesotho,India
Chile,Iran (Islamic Republic of)
Fiji,Iran (Islamic Republic of)
Marshall Islands,Iran (Islamic Republic of)
Uruguay,Iran (Islamic Republic of)
Argentina,Iran (Islamic Republic of)
Turkmenistan,Iran (Islamic Republic of)
Kazakhstan,Iran (Islamic Republic of)
Yemen,Iraq
Morocco,Iraq
Tunisia,Iraq
Iran (Islamic Republic of),Iraq
Chile,Iraq
Occupied Palestinian Territory,Iraq
Argentina,Iraq
Republic of Korea,Iraq
Mongolia,Iraq
Uruguay,Iraq
Fiji,Iraq
Marshall Islands,Iraq
Libyan Arab Jamahiriya,Iraq
Djibouti,Iraq
Vanuatu,Iraq
Turkmenistan,Ireland
Kazakhstan,Ireland
Argentina,Ireland
United States of America,Ireland
Mongolia,Ireland
Chile,Ireland
Vanuatu,Ireland
United Kingdom,Ireland
Uruguay,Ireland
Fiji,Ireland
Japan,Israel
Saudi Arabia,Israel
Brunei Darussalam,Israel
South Africa,Israel
Ecuador,Israel
Qatar,Israel
Morocco,Israel
Kuwait,Israel
Armenia,Israel
Chile,Israel
Hungary,Israel
Azerbaijan,Israel
Tonga,Israel
Georgia,Israel
Marshall Islands,Israel
Oman,Israel
Fiji,Israel
Poland,Israel
Republic of Korea,Israel
Argentina,Israel
Brazil,Israel
Kazakhstan,Israel
Peru,Israel
Uruguay,Israel
Iran (Islamic Republic of),Israel
Turkmenistan,Israel
Austria,Italy
Fiji,Italy
Belgium,Italy
Tonga,Jamaica
Armenia,Jamaica
Antigua and Barbuda,Jamaica
Turkmenistan,Jamaica
Uruguay,Jamaica
Marshall Islands,Jamaica
Argentina,Jamaica
Chile,Jamaica
Fiji,Jamaica
United Kingdom,Jamaica
Oman,Jordan
Iraq,Jordan
Marshall Islands,Jordan
Mongolia,Jordan
Uruguay,Jordan
Yemen,Jordan
Tonga,Jordan
Saudi Arabia,Jordan
Occupied Palestinian Territory,Jordan
Vanuatu,Jordan
United Arab Emirates,Jordan
Bahrain,Jordan
Chile,Jordan
Taiwan,Jordan
Kuwait,Jordan
Qatar,Jordan
Kazakhstan,Jordan
Ecuador,Jordan
New Zealand,Jordan
Argentina,Jordan
Poland,Jordan
Tunisia,Jordan
Libyan Arab Jamahiriya,Jordan
Micronesia (Federated States of),Jordan
Fiji,Jordan
South Africa,Kenya
Vanuatu,Kenya
Fiji,Kenya
Papua New Guinea,Kenya
Djibouti,Kenya
Paraguay,Kenya
Marshall Islands,Kenya
Congo,Kenya
Zimbabwe,Kenya
Burkina Faso,Kenya
Solomon Islands,Kenya
Chile,Kenya
Ethiopia,Kenya
Eritrea,Kenya
Papua New Guinea,Kiribati
Marshall Islands,Kiribati
Solomon Islands,Kiribati
Vanuatu,Kiribati
Argentina,Kuwait
Brazil,Kuwait
Vanuatu,Kyrgyzstan
Papua New Guinea,Kyrgyzstan
Uzbekistan,Kyrgyzstan
Kazakhstan,Kyrgyzstan
Turkmenistan,Kyrgyzstan
Democratic People's Republic of Korea,Lao People's Democratic Republic
Vanuatu,Lao People's Democratic Republic
Solomon Islands,Lao People's Democratic Republic
Marshall Islands,Lao People's Democratic Republic
Papua New Guinea,Lao People's Democratic Republic
Thailand,Lao People's Democratic Republic
Samoa,Lao People's Democratic Republic
Micronesia (Federated States of),Lao People's Democratic Republic
Kiribati,Lao People's Democratic Republic
China,Lao People's Democratic Republic
Viet Nam,Lao People's Democratic Republic
Madagascar,Lebanon
Marshall Islands,Lebanon
China,Lebanon
Vanuatu,Lebanon
Turkmenistan,Lebanon
Morocco,Lebanon
Tonga,Lebanon
Yemen,Lebanon
Micronesia (Federated States of),Lebanon
Austria,Lebanon
Peru,Lebanon
Papua New Guinea,Lebanon
Chile,Lebanon
Republic of Korea,Lebanon
Fiji,Lebanon
Solomon Islands,Lebanon
Iraq,Lebanon
Belgium,Lebanon
Kiribati,Lebanon
Congo,Lesotho
Vanuatu,Lesotho
Indonesia,Liberia
Guinea,Liberia
Togo,Liberia
Marshall Islands,Liberia
Vanuatu,Liberia
United Republic of Tanzania,Liberia
Ghana,Liberia
Papua New Guinea,Liberia
Kazakhstan,Libyan Arab Jamahiriya
Vanuatu,Libyan Arab Jamahiriya
Fiji,Libyan Arab Jamahiriya
Algeria,Lithuania
Uruguay,Luxembourg
Argentina,Luxembourg
Mongolia,Luxembourg
Latvia,Luxembourg
Paraguay,Macedonia (Former Yugoslav Republic of)
Fiji,Macedonia (Former Yugoslav Republic of)
Czech Republic,Macedonia (Former Yugoslav Republic of)
Brazil,Macedonia (Former Yugoslav Republic of)
Slovakia,Macedonia (Former Yugoslav Republic of)
Solomon Islands,Madagascar
Fiji,Madagascar
Djibouti,Madagascar
Chile,Madagascar
Lesotho,Madagascar
Papua New Guinea,Madagascar
Vanuatu,Madagascar
Indonesia,Malawi
Papua New Guinea,Malawi
Vanuatu,Malawi
Togo,Malawi
Vanuatu,Malaysia
Fiji,Malaysia
Marshall Islands,Malaysia
Tonga,Malaysia
Chile,Malaysia
Occupied Palestinian Territory,Maldives
Afghanistan,Maldives
Armenia,Maldives
Indonesia,Maldives
Yemen,Maldives
Saudi Arabia,Maldives
Argentina,Maldives
Thailand,Maldives
Vanuatu,Maldives
Bahrain,Maldives
Republic of Korea,Maldives
Mongolia,Maldives
Ecuador,Maldives
Kazakhstan,Maldives
Kiribati,Maldives
Mauritius,Maldives
Tonga,Maldives
Seychelles,Maldives
Morocco,Maldives
Turkmenistan,Maldives
Fiji,Maldives
Azerbaijan,Maldives
Iran (Islamic Republic of),Maldives
Brunei Darussalam,Maldives
Marshall Islands,Maldives
Chile,Maldives
Uruguay,Maldives
Lesotho,Mali
Papua New Guinea,Mali
Paraguay,Mali
Vanuatu,Mali
Senegal,Mali
Solomon Islands,Mali
Marshall Islands,Mali
Kenya,Mali
Djibouti,Mali
South Africa,Mali
Congo,Mali
Kiribati,Mali
Chile,Mali
Guinea-Bissau,Mali
Fiji,Mali
Equatorial Guinea,Mali
Belgium,Malta
Tonga,Malta
Brazil,Malta
Australia,Malta
Ecuador,Malta
Portugal,Malta
Kuwait,Malta
Uruguay,Malta
Fiji,Marshall Islands
South Africa,Mauritania
Vanuatu,Mauritania
Kazakhstan,Mauritania
Mongolia,Mauritania
Argentina,Mauritius
Armenia,Mauritius
Iran (Islamic Republic of),Mauritius
Solomon Islands,Mauritius
Marshall Islands,Mauritius
Turkmenistan,Mauritius
Chile,Mauritius
Kiribati,Mauritius
Vanuatu,Mauritius
Uruguay,Mauritius
Fiji,Mauritius
Iran (Islamic Republic of),Mexico
Uruguay,Mexico
Argentina,Mexico
Turkmenistan,Mexico
Belize,Mexico
Honduras,Mexico
Switzerland,Mexico
Malta,Mexico
Peru,Mexico
Dominican Republic,Mexico
Venezuela (Bolivarian Republic of),Mexico
Chile,Mexico
Trinidad and Tobago,Mexico
Libyan Arab Jamahiriya,Mexico
United States of America,Mexico
Kazakhstan,Mexico
Germany,Mexico
Suriname,Mexico
Angola,Mexico
Slovakia,Mexico
Ukraine,Mexico
Portugal,Mexico
Vanuatu,Mexico
Cuba,Mexico
Ecuador,Mexico
Kyrgyzstan,Mexico
Belgium,Mexico
Saint Lucia,Mexico
Dominica,Mexico
Hungary,Mexico
Brazil,Mexico
Australia,Mexico
Nicaragua,Mexico
Equatorial Guinea,Mexico
Czech Republic,Mexico
Panama,Mexico
Tonga,Mexico
Gabon,Mexico
Belarus,Mexico
Namibia,Mexico
Saint Vincent and the Grenadines,Mexico
El Salvador,Mexico
Colombia,Mexico
Grenada,Mexico
South Africa,Mexico
Bosnia and Herzegovina,Mexico
Uzbekistan,Mexico
Armenia,Mexico
Marshall Islands,Micronesia (Federated States of)
Fiji,Micronesia (Federated States of)
Tonga,Micronesia (Federated States of)
Vanuatu,Micronesia (Federated States of)
Georgia,Moldova
United States of America,Moldova
Armenia,Moldova
Turkmenistan,Moldova
Ukraine,Moldova
Belarus,Moldova
Trinidad and Tobago,Moldova
Kazakhstan,Moldova
Azerbaijan,Moldova
Vanuatu,Mongolia
Chile,Montenegro
Mauritania,Montenegro
Gabon,Montenegro
Angola,Montenegro
Argentina,Montenegro
Cape Verde,Montenegro
Marshall Islands,Montenegro
Vanuatu,Montenegro
Mongolia,Montenegro
Brazil,Montenegro
Uruguay,Montenegro
Croatia,Montenegro
Ecuador,Montenegro
Fiji,Montenegro
Kuwait,Montenegro
Algeria,Montenegro
Vanuatu,Morocco
Turkmenistan,Morocco
Republic of Korea,Morocco
Iraq,Morocco
Marshall Islands,Morocco
Chile,Morocco
Fiji,Morocco
Comoros,Mozambique
Liberia,Mozambique
United Republic of Tanzania,Mozambique
Marshall Islands,Mozambique
Papua New Guinea,Mozambique
Vanuatu,Mozambique
Ghana,Mozambique
Ethiopia,Mozambique
Guinea,Mozambique
Togo,Mozambique
Somalia,Mozambique
Armenia,Myanmar
Papua New Guinea,Myanmar
Indonesia,Myanmar
Yemen,Myanmar
Kiribati,Myanmar
Morocco,Myanmar
Azerbaijan,Myanmar
Afghanistan,Myanmar
Fiji,Myanmar
Chile,Myanmar
Turkmenistan,Myanmar
Viet Nam,Myanmar
Marshall Islands,Myanmar
Vanuatu,Myanmar
Georgia,Myanmar
Solomon Islands,Myanmar
Cambodia,Myanmar
Vanuatu,Namibia
South Africa,Namibia
Vanuatu,Nepal
Australia,Netherlands
Kuwait,Netherlands
Kazakhstan,Netherlands
Mongolia,Netherlands
Portugal,Netherlands
Argentina,Netherlands
Latvia,Netherlands
Belgium,Netherlands
Djibouti,Netherlands
Cape Verde,Netherlands
Fiji,Netherlands
Vanuatu,Netherlands
Iran (Islamic Republic of),Netherlands
Libyan Arab Jamahiriya,Netherlands
Uruguay,Netherlands
Marshall Islands,Netherlands
Belarus,Netherlands
Ecuador,Netherlands
United States of America,Netherlands
Chile,Netherlands
Romania,Netherlands
Yemen,Netherlands
Ecuador,New Zealand
Kazakhstan,New Zealand
Tonga,New Zealand
Argentina,New Zealand
Saudi Arabia,New Zealand
Morocco,New Zealand
Uruguay,New Zealand
Cape Verde,New Zealand
Kuwait,New Zealand
Fiji,New Zealand
Marshall Islands,New Zealand
Chile,New Zealand
Brazil,Nicaragua
Uruguay,Nicaragua
Chile,Nicaragua
Czech Republic,Nicaragua
Vanuatu,Nicaragua
Angola,Nicaragua
Hungary,Nicaragua
Kazakhstan,Nicaragua
Gabon,Nicaragua
Georgia,Nicaragua
Armenia,Nicaragua
Equatorial Guinea,Nicaragua
Turkmenistan,Nicaragua
Azerbaijan,Nicaragua
Peru,Nicaragua
Uzbekistan,Nicaragua
Paraguay,Nicaragua
South Africa,Nicaragua
Kyrgyzstan,Nicaragua
Slovakia,Nicaragua
Namibia,Nicaragua
Argentina,Nicaragua
Congo,Niger
South Africa,Niger
Vanuatu,Niger
Kiribati,Nigeria
Eritrea,Nigeria
Ethiopia,Nigeria
Papua New Guinea,Nigeria
United Republic of Tanzania,Nigeria
Indonesia,Nigeria
Burkina Faso,Nigeria
Marshall Islands,Nigeria
Vanuatu,Nigeria
Mauritania,Norway
Chile,Norway
South Africa,Norway
Fiji,Norway
Mongolia,Norway
Belgium,Norway
Cape Verde,Norway
Brazil,Norway
Kazakhstan,Norway
Malta,Norway
Vanuatu,Norway
Australia,Norway
Uruguay,Norway
Argentina,Norway
Chile,Occupied Palestinian Territory
Iran (Islamic Republic of),Occupied Palestinian Territory
Argentina,Occupied Palestinian Territory
Uruguay,Occupied Palestinian Territory
Mongolia,Occupied Palestinian Territory
Libyan Arab Jamahiriya,Occupied Palestinian Territory
Vanuatu,Occupied Palestinian Territory
Kyrgyzstan,Occupied Palestinian Territory
Kazakhstan,Occupied Palestinian Territory
Marshall Islands,Occupied Palestinian Territory
Republic of Korea,Occupied Palestinian Territory
Tunisia,Occupied Palestinian Territory
Yemen,Occupied Palestinian Territory
Iraq,Occupied Palestinian Territory
Morocco,Occupied Palestinian Territory
Fiji,Occupied Palestinian Territory
Bahrain,Oman
Vanuatu,Oman
Libyan Arab Jamahiriya,Oman
Tonga,Oman
Fiji,Oman
Kazakhstan,Oman
Chile,Oman
Marshall Islands,Oman
Tunisia,Oman
Republic of Korea,Oman
Iraq,Oman
Argentina,Oman
Morocco,Oman
Uruguay,Oman
Kuwait,Oman
Iran (Islamic Republic of),Oman
Saudi Arabia,Oman
Mongolia,Oman
Congo,Pakistan
Lesotho,Pakistan
Vanuatu,Pakistan
South Africa,Pakistan
Chile,Panama
Norway,Panama
Malta,Panama
Antigua and Barbuda,Panama
Saint Vincent and the Grenadines,Panama
Ecuador,Panama
Colombia,Panama
Portugal,Panama
Brazil,Panama
Belgium,Panama
Kazakhstan,Panama
Slovakia,Panama
Australia,Panama
Romania,Panama
Uruguay,Panama
Argentina,Panama
Ireland,Panama
Turkmenistan,Panama
Tonga,Panama
United States of America,Panama
Albania,Panama
Kuwait,Panama
Vanuatu,Panama
Switzerland,Panama
South Africa,Panama
Czech Republic,Panama
Vanuatu,Papua New Guinea
Argentina,Peru
Chile,Peru
Uruguay,Peru
Armenia,Peru
Turkmenistan,Peru
Vanuatu,Peru
Papua New Guinea,Philippines
Vanuatu,Philippines
Fiji,Poland
Chile,Portugal
Australia,Portugal
Brazil,Portugal
Cape Verde,Portugal
Ecuador,Portugal
Uruguay,Portugal
Belgium,Portugal
Argentina,Portugal
Fiji,Qatar
Saudi Arabia,Qatar
Chile,Qatar
Marshall Islands,Qatar
United Arab Emirates,Qatar
Ecuador,Qatar
Argentina,Qatar
Cape Verde,Qatar
Uruguay,Qatar
Poland,Qatar
Tonga,Qatar
Kuwait,Qatar
Fiji,Republic of Korea
Turkmenistan,Republic of Korea
Latvia,Russian Federation
Belgium,Russian Federation
Fiji,Rwanda
Comoros,Rwanda
Papua New Guinea,Rwanda
Paraguay,Rwanda
Marshall Islands,Rwanda
Ghana,Rwanda
Vanuatu,Rwanda
Guinea,Rwanda
Lesotho,Rwanda
United Republic of Tanzania,Rwanda
Togo,Rwanda
Chile,Rwanda
Eritrea,Rwanda
Ethiopia,Rwanda
Burundi,Rwanda
Indonesia,Rwanda
Liberia,Rwanda
Somalia,Rwanda
Malta,Saint Lucia
Switzerland,Saint Lucia
Romania,Saint Lucia
Kuwait,Saint Lucia
Australia,Saint Lucia
Ecuador,Saint Lucia
Turkmenistan,Saint Lucia
United States of America,Saint Lucia
Uruguay,Saint Lucia
Belgium,Saint Lucia
Tonga,Saint Lucia
Argentina,Saint Lucia
Iran (Islamic Republic of),Saint Lucia
Bahamas,Saint Lucia
Kazakhstan,Saint Lucia
Portugal,Saint Lucia
Belarus,Saint Lucia
Belarus,Saint Vincent and the Grenadines
Iran (Islamic Republic of),Saint Vincent and the Grenadines
Uzbekistan,Saint Vincent and the Grenadines
Chile,Saint Vincent and the Grenadines
Tonga,Saint Vincent and the Grenadines
Ukraine,Saint Vincent and the Grenadines
Belgium,Saint Vincent and the Grenadines
Kazakhstan,Saint Vincent and the Grenadines
Argentina,Saint Vincent and the Grenadines
Peru,Saint Vincent and the Grenadines
Turkmenistan,Saint Vincent and the Grenadines
Ecuador,Saint Vincent and the Grenadines
Uruguay,Saint Vincent and the Grenadines
Vanuatu,Saint Vincent and the Grenadines
Cuba,Saint Vincent and the Grenadines
Dominican Republic,Saint Vincent and the Grenadines
United States of America,Saint Vincent and the Grenadines
Libyan Arab Jamahiriya,Saint Vincent and the Grenadines
Portugal,Saint Vincent and the Grenadines
Guinea,Sao Tome and Principe
Indonesia,Sao Tome and Principe
Vanuatu,Sao Tome and Principe
Fiji,Sao Tome and Principe
Marshall Islands,Sao Tome and Principe
Papua New Guinea,Sao Tome and Principe
Chile,Sao Tome and Principe
Djibouti,Sao Tome and Principe
Vanuatu,Saudi Arabia
Mongolia,Saudi Arabia
Chile,Saudi Arabia
Bahrain,Saudi Arabia
Tonga,Saudi Arabia
Uruguay,Saudi Arabia
Fiji,Saudi Arabia
Qatar,Saudi Arabia
Argentina,Saudi Arabia
Ecuador,Saudi Arabia
Kazakhstan,Saudi Arabia
Marshall Islands,Saudi Arabia
Zimbabwe,Senegal
Vanuatu,Senegal
Niger,Senegal
Burkina Faso,Senegal
Paraguay,Senegal
Fiji,Senegal
United Republic of Tanzania,Senegal
Chile,Senegal
Kiribati,Senegal
Ethiopia,Senegal
Djibouti,Senegal
Marshall Islands,Senegal
Uruguay,Serbia
Paraguay,Serbia
Brazil,Serbia
Kuwait,Serbia
Fiji,Serbia
Croatia,Serbia
Tonga,Seychelles
Kazakhstan,Seychelles
Armenia,Seychelles
Argentina,Seychelles
Marshall Islands,Seychelles
Turkmenistan,Seychelles
Fiji,Seychelles
Uruguay,Seychelles
Chile,Seychelles
Iran (Islamic Republic of),Seychelles
Saudi Arabia,Seychelles
Togo,Sierra Leone
Gambia,Sierra Leone
Guinea-Bissau,Sierra Leone
Liberia,Sierra Leone
Paraguay,Sierra Leone
Mozambique,Sierra Leone
United Republic of Tanzania,Sierra Leone
Somalia,Sierra Leone
Comoros,Sierra Leone
Eritrea,Sierra Leone
Ethiopia,Sierra Leone
Ghana,Sierra Leone
Sao Tome and Principe,Sierra Leone
Burkina Faso,Sierra Leone
Nigeria,Sierra Leone
Vanuatu,Sierra Leone
Rwanda,Sierra Leone
Cameroon,Sierra Leone
Papua New Guinea,Sierra Leone
Indonesia,Sierra Leone
Georgia,Singapore
Afghanistan,Singapore
Fiji,Singapore
Turkmenistan,Singapore
Vanuatu,Singapore
Tonga,Singapore
Armenia,Singapore
Indonesia,Singapore
Djibouti,Singapore
Chile,Singapore
Marshall Islands,Singapore
Peru,Singapore
Hungary,Singapore
Azerbaijan,Singapore
Angola,Slovenia
Paraguay,Slovenia
Australia,Slovenia
Kuwait,Slovenia
Colombia,Slovenia
Mongolia,Slovenia
Equatorial Guinea,Slovenia
Ecuador,Slovenia
Lithuania,Slovenia
Latvia,Slovenia
Portugal,Slovenia
Argentina,Slovenia
Tonga,Slovenia
Uruguay,Slovenia
Vanuatu,Slovenia
Brazil,Slovenia
Vanuatu,Solomon Islands
Marshall Islands,Solomon Islands
Papua New Guinea,Solomon Islands
Rwanda,Somalia
Liberia,Somalia
United Republic of Tanzania,Somalia
Papua New Guinea,Somalia
Vanuatu,Somalia
Paraguay,Somalia
Ethiopia,Somalia
Comoros,Somalia
Togo,Somalia
Indonesia,Somalia
Eritrea,Somalia
Fiji,Somalia
Namibia,South Africa
Vanuatu,South Africa
Austria,Spain
Algeria,Spain
Lithuania,Spain
Malta,Spain
Tonga,Spain
Fiji,Spain
Cape Verde,Spain
Belgium,Spain
Latvia,Spain
Kazakhstan,Sri Lanka
Viet Nam,Sri Lanka
Fiji,Sri Lanka
Armenia,Sri Lanka
Iran (Islamic Republic of),Sri Lanka
Argentina,Sri Lanka
Timor-Leste,Sri Lanka
Solomon Islands,Sri Lanka
Uruguay,Sri Lanka
Kiribati,Sri Lanka
Chile,Sri Lanka
Papua New Guinea,Sri Lanka
Vanuatu,Sri Lanka
Turkmenistan,Sri Lanka
Marshall Islands,Sri Lanka
Albania,Sudan
Kyrgyzstan,Sudan
Kenya,Sudan
Vanuatu,Sudan
Brazil,Sudan
Kazakhstan,Sudan
Chile,Sudan
Yemen,Sudan
South Africa,Sudan
Namibia,Sudan
Mongolia,Sudan
Fiji,Sudan
Algeria,Sudan
Macedonia (Former Yugoslav Republic of),Sudan
Paraguay,Sudan
Solomon Islands,Sudan
Romania,Sudan
Marshall Islands,Sudan
Czech Republic,Sudan
Argentina,Sudan
Djibouti,Sudan
Turkmenistan,Sudan
Angola,Sudan
Moldova,Suriname
Kyrgyzstan,Suriname
Chile,Suriname
Libyan Arab Jamahiriya,Suriname
Armenia,Suriname
Uruguay,Suriname
Tonga,Suriname
Fiji,Suriname
Ukraine,Suriname
Georgia,Suriname
Belgium,Suriname
Peru,Suriname
Cuba,Suriname
Hungary,Suriname
Iran (Islamic Republic of),Suriname
Turkmenistan,Suriname
Uzbekistan,Suriname
Vanuatu,Suriname
Argentina,Suriname
Azerbaijan,Suriname
Marshall Islands,Suriname
Saint Vincent and the Grenadines,Suriname
Dominican Republic,Suriname
Paraguay,Swaziland
Chile,Swaziland
South Africa,Swaziland
Equatorial Guinea,Swaziland
Fiji,Swaziland
Namibia,Swaziland
Vanuatu,Swaziland
Argentina,Sweden
Kazakhstan,Switzerland
Argentina,Syrian Arab Republic
Chile,Syrian Arab Republic
Czech Republic,Syrian Arab Republic
Uruguay,Syrian Arab Republic
Marshall Islands,Syrian Arab Republic
Fiji,Syrian Arab Republic
Kuwait,Syrian Arab Republic
Brazil,Syrian Arab Republic
Cape Verde,Syrian Arab Republic
Republic of Korea,Taiwan
Marshall Islands,Taiwan
Vanuatu,Tajikistan
Papua New Guinea,Tajikistan
Uzbekistan,Tajikistan
Georgia,Tajikistan
Armenia,Tajikistan
Indonesia,Tajikistan
Turkmenistan,Tajikistan
Azerbaijan,Tajikistan
Kiribati,Thailand
Marshall Islands,Thailand
Tonga,Thailand
Vanuatu,Thailand
Fiji,Thailand
Fiji,Timor-Leste
Solomon Islands,Timor-Leste
Papua New Guinea,Timor-Leste
Vanuatu,Timor-Leste
Marshall Islands,Timor-Leste
Comoros,Togo
Indonesia,Togo
Liberia,Togo
United Republic of Tanzania,Togo
Vanuatu,Togo
Papua New Guinea,Togo
Somalia,Togo
Armenia,Trinidad and Tobago
Moldova,Trinidad and Tobago
Turkmenistan,Trinidad and Tobago
Hungary,Trinidad and Tobago
Georgia,Trinidad and Tobago
United States of America,Trinidad and Tobago
Ukraine,Trinidad and Tobago
Azerbaijan,Trinidad and Tobago
Belarus,Trinidad and Tobago
Kazakhstan,Trinidad and Tobago
Libyan Arab Jamahiriya,Tunisia
Kazakhstan,Tunisia
Occupied Palestinian Territory,Tunisia
Morocco,Tunisia
South Africa,Tunisia
Mongolia,Tunisia
Kiribati,Tunisia
Kuwait,Tunisia
Republic of Korea,Tunisia
Marshall Islands,Tunisia
Chile,Tunisia
Vanuatu,Tunisia
Djibouti,Tunisia
Uruguay,Tunisia
Fiji,Tunisia
Brazil,Tunisia
Syrian Arab Republic,Tunisia
Iraq,Tunisia
Argentina,Tunisia
Yemen,Tunisia
Iran (Islamic Republic of),Tunisia
Republic of Korea,Turkey
Iran (Islamic Republic of),Turkey
Chile,Turkey
Vanuatu,Turkey
Slovakia,Turkey
Tunisia,Turkey
Morocco,Turkey
Oman,Turkey
Czech Republic,Turkey
Mongolia,Turkey
Saudi Arabia,Turkey
Bolivia,Turkey
Libyan Arab Jamahiriya,Turkey
Brazil,Turkey
Japan,Turkey
Tonga,Turkey
Egypt,Turkey
Fiji,Turkey
Marshall Islands,Turkey
Turkmenistan,Turkey
Argentina,Turkey
Uruguay,Turkey
Iraq,Turkey
Micronesia (Federated States of),Turkey
Argentina,Turkmenistan
Gambia,Uganda
Togo,Uganda
Eritrea,Uganda
Somalia,Uganda
Guinea,Uganda
Burkina Faso,Uganda
Kiribati,Uganda
Lesotho,Uganda
Papua New Guinea,Uganda
Guinea-Bissau,Uganda
Chile,Uganda
Nigeria,Uganda
Ghana,Uganda
Vanuatu,Uganda
Fiji,Uganda
Cameroon,Uganda
Paraguay,Uganda
Senegal,Uganda
United Republic of Tanzania,Uganda
Ethiopia,Uganda
Marshall Islands,Uganda
Liberia,Uganda
Belarus,Ukraine
Hungary,Ukraine
Kuwait,United Arab Emirates
Fiji,United Kingdom
United States of America,United Kingdom
Marshall Islands,United Kingdom
Uruguay,United Kingdom
Ireland,United Kingdom
Chile,United Kingdom
Turkmenistan,United Kingdom
Armenia,United Kingdom
Argentina,United Kingdom
Kazakhstan,United Kingdom
Fiji,United Republic of Tanzania
Paraguay,United Republic of Tanzania
Vanuatu,United Republic of Tanzania
Lesotho,United Republic of Tanzania
Marshall Islands,United Republic of Tanzania
Papua New Guinea,United Republic of Tanzania
Djibouti,United Republic of Tanzania
Chile,United Republic of Tanzania
Argentina,Uruguay
Armenia,Uzbekistan
Kazakhstan,Uzbekistan
Libyan Arab Jamahiriya,Uzbekistan
Hungary,Uzbekistan
Turkmenistan,Uzbekistan
Kyrgyzstan,Uzbekistan
Vanuatu,Uzbekistan
Ecuador,Venezuela (Bolivarian Republic of)
Chile,Venezuela (Bolivarian Republic of)
Tonga,Venezuela (Bolivarian Republic of)
Turkmenistan,Venezuela (Bolivarian Republic of)
Brazil,Venezuela (Bolivarian Republic of)
Uruguay,Venezuela (Bolivarian Republic of)
Kyrgyzstan,Venezuela (Bolivarian Republic of)
Kuwait,Venezuela (Bolivarian Republic of)
South Africa,Venezuela (Bolivarian Republic of)
Romania,Venezuela (Bolivarian Republic of)
Vanuatu,Venezuela (Bolivarian Republic of)
Argentina,Venezuela (Bolivarian Republic of)
Kazakhstan,Venezuela (Bolivarian Republic of)
Marshall Islands,Viet Nam
Kiribati,Viet Nam
Vanuatu,Viet Nam
Papua New Guinea,Viet Nam
Solomon Islands,Viet Nam
Morocco,Yemen
Chile,Yemen
Marshall Islands,Yemen
Argentina,Yemen
Vanuatu,Yemen
Iraq,Yemen
Fiji,Yemen
Mongolia,Yemen
Vanuatu,Zambia
South Africa,Zimbabwe
